clave, nom, eta, value
c,ANGOSTURA,001,112557.39
c,ANGOSTURA,002,112557.39
c,ANGOSTURA,003,112357.594768
c,ANGOSTURA,004,111947.362147
c,ANGOSTURA,005,111510.14857
c,ANGOSTURA,006,110987.96127
c,ANGOSTURA,007,110827.060265
c,ANGOSTURA,008,110339.974474
c,ANGOSTURA,009,109907.098838
c,ANGOSTURA,010,109982.556672
c,ANGOSTURA,011,110058.014506
c,ANGOSTURA,012,110133.47234
c,ANGOSTURA,013,110208.930174
c,ANGOSTURA,014,110284.388008
c,ANGOSTURA,015,110359.845842
c,ANGOSTURA,016,110435.303676
c,ANGOSTURA,017,110510.76151
c,ANGOSTURA,018,110566.155525
c,ANGOSTURA,019,110641.613359
c,ANGOSTURA,020,110717.071193
c,ANGOSTURA,021,110792.529027
c,ANGOSTURA,022,110867.986861
c,ANGOSTURA,023,110943.444694
c,ANGOSTURA,024,111018.902528
c,ANGOSTURA,025,111094.360362
c,ANGOSTURA,026,111169.818196
c,ANGOSTURA,027,111123.810809
c,ANGOSTURA,028,111038.516222
c,ANGOSTURA,029,110992.505562
c,ANGOSTURA,030,110923.73323
c,ANGOSTURA,031,110848.243673
c,ANGOSTURA,032,110904.909477
c,ANGOSTURA,033,110800.200748
c,ANGOSTURA,034,110875.658582
c,ANGOSTURA,035,110951.116416
c,ANGOSTURA,036,111026.57425
c,ANGOSTURA,037,111102.032084
c,ANGOSTURA,038,111177.489918
c,ANGOSTURA,039,111252.947752
c,ANGOSTURA,040,111328.405586
c,ANGOSTURA,041,111403.86342
c,ANGOSTURA,042,111479.321254
c,ANGOSTURA,043,111554.779088
c,ANGOSTURA,044,111630.236922
c,ANGOSTURA,045,111705.694756
c,ANGOSTURA,046,111781.15259
c,ANGOSTURA,047,111856.610424
c,ANGOSTURA,048,111932.068258
c,ANGOSTURA,049,112007.526092
c,ANGOSTURA,050,112082.983926
c,ANGOSTURA,051,112069.064044
c,ANGOSTURA,052,111929.41059
c,ANGOSTURA,053,111895.885805
c,ANGOSTURA,054,111804.555954
c,ANGOSTURA,055,111693.334794
c,ANGOSTURA,056,111249.298379
c,ANGOSTURA,057,110698.86983
c,ANGOSTURA,058,110338.595402
c,ANGOSTURA,059,110210.926191
c,ANGOSTURA,060,110231.651288
c,ANGOSTURA,061,110263.147504
c,ANGOSTURA,062,110308.279041
c,ANGOSTURA,063,110352.339279
c,ANGOSTURA,064,110401.946438
c,ANGOSTURA,065,110450.081051
c,ANGOSTURA,066,110470.443402
c,ANGOSTURA,067,110476.794185
c,ANGOSTURA,068,110552.252019
c,ANGOSTURA,069,110627.709853
c,ANGOSTURA,070,110703.167687
c,ANGOSTURA,071,110778.625521
c,ANGOSTURA,072,110799.201669
c,ANGOSTURA,073,110852.884255
c,ANGOSTURA,074,110928.342089
c,ANGOSTURA,075,110826.332291
c,ANGOSTURA,076,110770.126033
c,ANGOSTURA,077,110724.083206
c,ANGOSTURA,078,110475.817915
c,ANGOSTURA,079,110551.275749
c,ANGOSTURA,080,110626.733583
c,ANGOSTURA,081,110702.191417
c,ANGOSTURA,082,110777.649251
c,ANGOSTURA,083,110853.107085
c,ANGOSTURA,084,110928.564919
c,ANGOSTURA,085,111004.022753
c,ANGOSTURA,086,111079.480586
c,ANGOSTURA,087,111154.93842
c,ANGOSTURA,088,111230.396254
c,ANGOSTURA,089,111305.854088
c,ANGOSTURA,090,111381.311922
c,ANGOSTURA,091,111456.769756
c,ANGOSTURA,092,111532.22759
c,ANGOSTURA,093,111607.685424
c,ANGOSTURA,094,111683.143258
c,ANGOSTURA,095,111758.601092
c,ANGOSTURA,096,111834.058926
c,ANGOSTURA,097,111862.53082
c,ANGOSTURA,098,111722.914481
c,ANGOSTURA,099,111586.700477
c,ANGOSTURA,100,111444.987767
c,ANGOSTURA,101,111301.516916
c,ANGOSTURA,102,111162.853321
c,ANGOSTURA,103,111065.816715
c,ANGOSTURA,104,111141.274549
c,ANGOSTURA,105,111216.732383
c,ANGOSTURA,106,111292.190217
c,ANGOSTURA,107,111367.648051
c,ANGOSTURA,108,111443.105885
c,ANGOSTURA,109,111518.563719
c,ANGOSTURA,110,111594.021553
c,ANGOSTURA,111,111669.479387
c,ANGOSTURA,112,111744.937221
c,ANGOSTURA,113,111820.395055
c,ANGOSTURA,114,111895.852889
c,ANGOSTURA,115,111971.310723
c,ANGOSTURA,116,112046.768557
c,ANGOSTURA,117,112122.226391
c,ANGOSTURA,118,112197.684225
c,ANGOSTURA,119,112273.142059
c,ANGOSTURA,120,112348.599893
c,ANGOSTURA,121,112399.866363
c,ANGOSTURA,122,112245.403403
c,ANGOSTURA,123,112004.420229
c,ANGOSTURA,124,111759.366934
c,ANGOSTURA,125,111511.323639
c,ANGOSTURA,126,111266.702987
c,ANGOSTURA,127,111164.755314
c,ANGOSTURA,128,111240.213147
c,ANGOSTURA,129,111315.670981
c,ANGOSTURA,130,111391.128815
c,ANGOSTURA,131,111466.586649
c,ANGOSTURA,132,111542.044483
c,ANGOSTURA,133,111617.502317
c,ANGOSTURA,134,111692.960151
c,ANGOSTURA,135,111768.417985
c,ANGOSTURA,136,111843.875819
c,ANGOSTURA,137,111919.333653
c,ANGOSTURA,138,111994.791487
c,ANGOSTURA,139,112070.249321
c,ANGOSTURA,140,112145.707155
c,ANGOSTURA,141,112221.164989
c,ANGOSTURA,142,112296.622823
c,ANGOSTURA,143,112372.080657
c,ANGOSTURA,144,112447.538491
c,ANGOSTURA,145,112473.963473
c,ANGOSTURA,146,112376.170727
c,ANGOSTURA,147,112125.869026
c,ANGOSTURA,148,111884.298842
c,ANGOSTURA,149,111638.645978
c,ANGOSTURA,150,111391.782814
c,ANGOSTURA,151,111274.606822
c,ANGOSTURA,152,111350.064656
c,ANGOSTURA,153,111425.52249
c,ANGOSTURA,154,111500.980324
c,ANGOSTURA,155,111576.438158
c,ANGOSTURA,156,111651.895992
c,ANGOSTURA,157,111727.353826
c,ANGOSTURA,158,111802.81166
c,ANGOSTURA,159,111878.269494
c,ANGOSTURA,160,111953.727328
c,ANGOSTURA,161,112029.185162
c,ANGOSTURA,162,112104.642996
c,ANGOSTURA,163,112180.10083
c,ANGOSTURA,164,112255.558664
c,ANGOSTURA,165,112331.016498
c,ANGOSTURA,166,112406.474332
c,ANGOSTURA,167,112481.932166
c,ANGOSTURA,168,112557.39
c,CANUTILLAR,001,116557.28
c,CANUTILLAR,002,116632.16
c,CANUTILLAR,003,116707.04
c,CANUTILLAR,004,116781.92
c,CANUTILLAR,005,116856.8
c,CANUTILLAR,006,116931.68
c,CANUTILLAR,007,117006.56
c,CANUTILLAR,008,117081.44
c,CANUTILLAR,009,117156.32
c,CANUTILLAR,010,117231.2
c,CANUTILLAR,011,117306.08
c,CANUTILLAR,012,117380.96
c,CANUTILLAR,013,117455.84
c,CANUTILLAR,014,117530.72
c,CANUTILLAR,015,117605.6
c,CANUTILLAR,016,117680.48
c,CANUTILLAR,017,117755.36
c,CANUTILLAR,018,117830.24
c,CANUTILLAR,019,117905.12
c,CANUTILLAR,020,117980.0
c,CANUTILLAR,021,118054.88
c,CANUTILLAR,022,118129.76
c,CANUTILLAR,023,118204.64
c,CANUTILLAR,024,118279.52
c,CANUTILLAR,025,118354.4
c,CANUTILLAR,026,118429.28
c,CANUTILLAR,027,118504.16
c,CANUTILLAR,028,118579.04
c,CANUTILLAR,029,118653.92
c,CANUTILLAR,030,118728.8
c,CANUTILLAR,031,118803.68
c,CANUTILLAR,032,118878.56
c,CANUTILLAR,033,118953.44
c,CANUTILLAR,034,119028.32
c,CANUTILLAR,035,119103.2
c,CANUTILLAR,036,119178.08
c,CANUTILLAR,037,119252.96
c,CANUTILLAR,038,119327.84
c,CANUTILLAR,039,119402.72
c,CANUTILLAR,040,119477.6
c,CANUTILLAR,041,119552.48
c,CANUTILLAR,042,119627.36
c,CANUTILLAR,043,119702.24
c,CANUTILLAR,044,119777.12
c,CANUTILLAR,045,119852.0
c,CANUTILLAR,046,119926.88
c,CANUTILLAR,047,120001.76
c,CANUTILLAR,048,120076.64
c,CANUTILLAR,049,120151.52
c,CANUTILLAR,050,120226.4
c,CANUTILLAR,051,120301.28
c,CANUTILLAR,052,120376.16
c,CANUTILLAR,053,120451.04
c,CANUTILLAR,054,120525.92
c,CANUTILLAR,055,120600.8
c,CANUTILLAR,056,120675.68
c,CANUTILLAR,057,120750.56
c,CANUTILLAR,058,120825.44
c,CANUTILLAR,059,120900.32
c,CANUTILLAR,060,120975.2
c,CANUTILLAR,061,121050.08
c,CANUTILLAR,062,121124.96
c,CANUTILLAR,063,121199.84
c,CANUTILLAR,064,121274.72
c,CANUTILLAR,065,121349.6
c,CANUTILLAR,066,121424.48
c,CANUTILLAR,067,121499.36
c,CANUTILLAR,068,121574.24
c,CANUTILLAR,069,121649.12
c,CANUTILLAR,070,121724.0
c,CANUTILLAR,071,121798.88
c,CANUTILLAR,072,121873.76
c,CANUTILLAR,073,121948.64
c,CANUTILLAR,074,122023.52
c,CANUTILLAR,075,122098.4
c,CANUTILLAR,076,122173.28
c,CANUTILLAR,077,122248.16
c,CANUTILLAR,078,122323.04
c,CANUTILLAR,079,122397.92
c,CANUTILLAR,080,122472.8
c,CANUTILLAR,081,122547.68
c,CANUTILLAR,082,122622.56
c,CANUTILLAR,083,122697.44
c,CANUTILLAR,084,122772.32
c,CANUTILLAR,085,122847.2
c,CANUTILLAR,086,122922.08
c,CANUTILLAR,087,122996.96
c,CANUTILLAR,088,123071.84
c,CANUTILLAR,089,123146.72
c,CANUTILLAR,090,123221.6
c,CANUTILLAR,091,123296.48
c,CANUTILLAR,092,123371.36
c,CANUTILLAR,093,123446.24
c,CANUTILLAR,094,123521.12
c,CANUTILLAR,095,123596.0
c,CANUTILLAR,096,123670.88
c,CANUTILLAR,097,123745.76
c,CANUTILLAR,098,123820.64
c,CANUTILLAR,099,123895.52
c,CANUTILLAR,100,123970.4
c,CANUTILLAR,101,124045.28
c,CANUTILLAR,102,124120.16
c,CANUTILLAR,103,124195.04
c,CANUTILLAR,104,124269.92
c,CANUTILLAR,105,124344.8
c,CANUTILLAR,106,124419.68
c,CANUTILLAR,107,124494.56
c,CANUTILLAR,108,124569.44
c,CANUTILLAR,109,124644.32
c,CANUTILLAR,110,124719.2
c,CANUTILLAR,111,124794.08
c,CANUTILLAR,112,124868.96
c,CANUTILLAR,113,124943.84
c,CANUTILLAR,114,125018.72
c,CANUTILLAR,115,125093.6
c,CANUTILLAR,116,125168.48
c,CANUTILLAR,117,125243.36
c,CANUTILLAR,118,125318.24
c,CANUTILLAR,119,125393.12
c,CANUTILLAR,120,125468.0
c,CANUTILLAR,121,125542.88
c,CANUTILLAR,122,125617.76
c,CANUTILLAR,123,125692.64
c,CANUTILLAR,124,125767.52
c,CANUTILLAR,125,125842.4
c,CANUTILLAR,126,125917.28
c,CANUTILLAR,127,125992.16
c,CANUTILLAR,128,126067.04
c,CANUTILLAR,129,126141.92
c,CANUTILLAR,130,126216.8
c,CANUTILLAR,131,126291.68
c,CANUTILLAR,132,126366.56
c,CANUTILLAR,133,126441.44
c,CANUTILLAR,134,126516.32
c,CANUTILLAR,135,126591.2
c,CANUTILLAR,136,126666.08
c,CANUTILLAR,137,126740.96
c,CANUTILLAR,138,126815.84
c,CANUTILLAR,139,126890.72
c,CANUTILLAR,140,126965.6
c,CANUTILLAR,141,127040.48
c,CANUTILLAR,142,127115.36
c,CANUTILLAR,143,127190.24
c,CANUTILLAR,144,127265.12
c,CANUTILLAR,145,127340.0
c,CANUTILLAR,146,127414.88
c,CANUTILLAR,147,127489.76
c,CANUTILLAR,148,127564.64
c,CANUTILLAR,149,127639.52
c,CANUTILLAR,150,127714.4
c,CANUTILLAR,151,127789.28
c,CANUTILLAR,152,127864.16
c,CANUTILLAR,153,127939.04
c,CANUTILLAR,154,128013.92
c,CANUTILLAR,155,128088.8
c,CANUTILLAR,156,128163.68
c,CANUTILLAR,157,128238.56
c,CANUTILLAR,158,128313.44
c,CANUTILLAR,159,128388.32
c,CANUTILLAR,160,128463.2
c,CANUTILLAR,161,128538.08
c,CANUTILLAR,162,128612.96
c,CANUTILLAR,163,128687.84
c,CANUTILLAR,164,128762.72
c,CANUTILLAR,165,128837.6
c,CANUTILLAR,166,128912.48
c,CANUTILLAR,167,128987.36
c,CANUTILLAR,168,129062.24
c,CIPRESES,001,35934.769
c,CIPRESES,002,35965.477
c,CIPRESES,003,35996.185
c,CIPRESES,004,36026.893
c,CIPRESES,005,36057.601
c,CIPRESES,006,36088.309
c,CIPRESES,007,36119.017
c,CIPRESES,008,36149.725
c,CIPRESES,009,36180.433
c,CIPRESES,010,36211.141
c,CIPRESES,011,36241.849
c,CIPRESES,012,36272.557
c,CIPRESES,013,36303.265
c,CIPRESES,014,36333.973
c,CIPRESES,015,36364.681
c,CIPRESES,016,36395.389
c,CIPRESES,017,36426.097
c,CIPRESES,018,36456.805
c,CIPRESES,019,36487.513
c,CIPRESES,020,36518.221
c,CIPRESES,021,36548.929
c,CIPRESES,022,36579.637
c,CIPRESES,023,36610.345
c,CIPRESES,024,36641.053
c,CIPRESES,025,36671.761
c,CIPRESES,026,36702.469
c,CIPRESES,027,36733.177
c,CIPRESES,028,36763.885
c,CIPRESES,029,36794.593
c,CIPRESES,030,36825.301
c,CIPRESES,031,36856.009
c,CIPRESES,032,36886.717
c,CIPRESES,033,36917.425
c,CIPRESES,034,36948.133
c,CIPRESES,035,36978.841
c,CIPRESES,036,37009.549
c,CIPRESES,037,37040.257
c,CIPRESES,038,37070.965
c,CIPRESES,039,37101.673
c,CIPRESES,040,37132.381
c,CIPRESES,041,37163.089
c,CIPRESES,042,37193.797
c,CIPRESES,043,37224.505
c,CIPRESES,044,37255.213
c,CIPRESES,045,37285.921
c,CIPRESES,046,37316.629
c,CIPRESES,047,37347.337
c,CIPRESES,048,37378.045
c,CIPRESES,049,37408.753
c,CIPRESES,050,37439.461
c,CIPRESES,051,37470.169
c,CIPRESES,052,37500.877
c,CIPRESES,053,37531.585
c,CIPRESES,054,37562.293
c,CIPRESES,055,37593.001
c,CIPRESES,056,37623.709
c,CIPRESES,057,37654.417
c,CIPRESES,058,37685.125
c,CIPRESES,059,37715.833
c,CIPRESES,060,37746.541
c,CIPRESES,061,37777.249
c,CIPRESES,062,37807.957
c,CIPRESES,063,37838.665
c,CIPRESES,064,37869.373
c,CIPRESES,065,37900.081
c,CIPRESES,066,37930.789
c,CIPRESES,067,37961.497
c,CIPRESES,068,37992.205
c,CIPRESES,069,38022.913
c,CIPRESES,070,38053.621
c,CIPRESES,071,38084.329
c,CIPRESES,072,38115.037
c,CIPRESES,073,38145.745
c,CIPRESES,074,38176.453
c,CIPRESES,075,38207.161
c,CIPRESES,076,38237.869
c,CIPRESES,077,38268.577
c,CIPRESES,078,38299.285
c,CIPRESES,079,38329.993
c,CIPRESES,080,38360.701
c,CIPRESES,081,38391.409
c,CIPRESES,082,38422.117
c,CIPRESES,083,38452.825
c,CIPRESES,084,38483.533
c,CIPRESES,085,38514.241
c,CIPRESES,086,38544.949
c,CIPRESES,087,38575.657
c,CIPRESES,088,38606.365
c,CIPRESES,089,38637.073
c,CIPRESES,090,38667.781
c,CIPRESES,091,38698.489
c,CIPRESES,092,38729.197
c,CIPRESES,093,38759.905
c,CIPRESES,094,38790.613
c,CIPRESES,095,38821.321
c,CIPRESES,096,38852.029
c,CIPRESES,097,38882.737
c,CIPRESES,098,38913.445
c,CIPRESES,099,38944.153
c,CIPRESES,100,38974.861
c,CIPRESES,101,39005.569
c,CIPRESES,102,39036.277
c,CIPRESES,103,39066.985
c,CIPRESES,104,39097.693
c,CIPRESES,105,39128.401
c,CIPRESES,106,39159.109
c,CIPRESES,107,39189.817
c,CIPRESES,108,39220.525
c,CIPRESES,109,39251.233
c,CIPRESES,110,39281.941
c,CIPRESES,111,39312.649
c,CIPRESES,112,39343.357
c,CIPRESES,113,39374.065
c,CIPRESES,114,39404.773
c,CIPRESES,115,39435.481
c,CIPRESES,116,39466.189
c,CIPRESES,117,39496.897
c,CIPRESES,118,39527.605
c,CIPRESES,119,39558.313
c,CIPRESES,120,39589.021
c,CIPRESES,121,39619.729
c,CIPRESES,122,39650.437
c,CIPRESES,123,39681.145
c,CIPRESES,124,39711.853
c,CIPRESES,125,39742.561
c,CIPRESES,126,39773.269
c,CIPRESES,127,39803.977
c,CIPRESES,128,39834.685
c,CIPRESES,129,39865.393
c,CIPRESES,130,39896.101
c,CIPRESES,131,39926.809
c,CIPRESES,132,39957.517
c,CIPRESES,133,39988.225
c,CIPRESES,134,40018.933
c,CIPRESES,135,40049.641
c,CIPRESES,136,40080.349
c,CIPRESES,137,40111.057
c,CIPRESES,138,40141.765
c,CIPRESES,139,40172.473
c,CIPRESES,140,40203.181
c,CIPRESES,141,40233.889
c,CIPRESES,142,40264.597
c,CIPRESES,143,40295.305
c,CIPRESES,144,40326.013
c,CIPRESES,145,40356.721
c,CIPRESES,146,40387.429
c,CIPRESES,147,40418.137
c,CIPRESES,148,40448.845
c,CIPRESES,149,40479.553
c,CIPRESES,150,40510.261
c,CIPRESES,151,40540.969
c,CIPRESES,152,40571.677
c,CIPRESES,153,40602.385
c,CIPRESES,154,40633.093
c,CIPRESES,155,40663.801
c,CIPRESES,156,40694.509
c,CIPRESES,157,40725.217
c,CIPRESES,158,40755.925
c,CIPRESES,159,40786.633
c,CIPRESES,160,40817.341
c,CIPRESES,161,40848.049
c,CIPRESES,162,40878.757
c,CIPRESES,163,40909.465
c,CIPRESES,164,40940.173
c,CIPRESES,165,40970.881
c,CIPRESES,166,41001.589
c,CIPRESES,167,41032.297
c,CIPRESES,168,41063.005
c,COLBUN,001,749050.357602
c,COLBUN,002,749177.065205
c,COLBUN,003,749071.338025
c,COLBUN,004,748961.762678
c,COLBUN,005,748826.955444
c,COLBUN,006,748689.370066
c,COLBUN,007,748563.274192
c,COLBUN,008,748543.207925
c,COLBUN,009,748520.479293
c,COLBUN,010,748425.553433
c,COLBUN,011,748543.199957
c,COLBUN,012,748656.793452
c,COLBUN,013,748770.437584
c,COLBUN,014,748883.688992
c,COLBUN,015,748996.211226
c,COLBUN,016,749107.410815
c,COLBUN,017,749218.060215
c,COLBUN,018,749311.598073
c,COLBUN,019,749018.746334
c,COLBUN,020,748732.220529
c,COLBUN,021,748428.49362
c,COLBUN,022,748112.553184
c,COLBUN,023,747827.129532
c,COLBUN,024,747798.54836
c,COLBUN,025,747903.653204
c,COLBUN,026,748015.50207
c,COLBUN,027,747951.21468
c,COLBUN,028,747917.186994
c,COLBUN,029,747882.474461
c,COLBUN,030,747865.983997
c,COLBUN,031,747878.721252
c,COLBUN,032,747993.464023
c,COLBUN,033,747913.687027
c,COLBUN,034,748017.857294
c,COLBUN,035,748110.269701
c,COLBUN,036,748206.815895
c,COLBUN,037,748301.333121
c,COLBUN,038,748392.752961
c,COLBUN,039,748485.542507
c,COLBUN,040,748547.982691
c,COLBUN,041,748616.052291
c,COLBUN,042,748308.452376
c,COLBUN,043,748382.396311
c,COLBUN,044,748105.908968
c,COLBUN,045,747831.368103
c,COLBUN,046,747556.878646
c,COLBUN,047,747385.126153
c,COLBUN,048,747511.833755
c,COLBUN,049,747638.541357
c,COLBUN,050,747765.24896
c,COLBUN,051,747891.956562
c,COLBUN,052,747784.843502
c,COLBUN,053,747760.337769
c,COLBUN,054,747737.74678
c,COLBUN,055,747715.923753
c,COLBUN,056,747564.721515
c,COLBUN,057,747546.778979
c,COLBUN,058,747527.086636
c,COLBUN,059,747653.063852
c,COLBUN,060,747770.743422
c,COLBUN,061,747887.506273
c,COLBUN,062,748004.036107
c,COLBUN,063,748120.804278
c,COLBUN,064,748237.422621
c,COLBUN,065,748353.389285
c,COLBUN,066,748383.373921
c,COLBUN,067,748091.092538
c,COLBUN,068,747805.132959
c,COLBUN,069,747489.81919
c,COLBUN,070,747174.109013
c,COLBUN,071,746897.219297
c,COLBUN,072,746745.004763
c,COLBUN,073,746818.488198
c,COLBUN,074,746895.304737
c,COLBUN,075,746830.667696
c,COLBUN,076,746764.587663
c,COLBUN,077,746698.212567
c,COLBUN,078,746765.978782
c,COLBUN,079,746761.567856
c,COLBUN,080,746507.465965
c,COLBUN,081,746279.263258
c,COLBUN,082,746197.522499
c,COLBUN,083,746466.683465
c,COLBUN,084,746735.844431
c,COLBUN,085,747005.005397
c,COLBUN,086,747274.166363
c,COLBUN,087,747543.327329
c,COLBUN,088,747812.440212
c,COLBUN,089,748080.838378
c,COLBUN,090,748194.13954
c,COLBUN,091,748320.847142
c,COLBUN,092,748447.554745
c,COLBUN,093,748574.262347
c,COLBUN,094,748700.96995
c,COLBUN,095,748827.677552
c,COLBUN,096,748954.385155
c,COLBUN,097,749081.092757
c,COLBUN,098,749207.80036
c,COLBUN,099,749334.507962
c,COLBUN,100,749461.215565
c,COLBUN,101,749587.923167
c,COLBUN,102,749714.63077
c,COLBUN,103,749841.338372
c,COLBUN,104,749834.932088
c,COLBUN,105,749603.843044
c,COLBUN,106,749676.107412
c,COLBUN,107,749945.268378
c,COLBUN,108,750214.429344
c,COLBUN,109,750483.59031
c,COLBUN,110,750752.751276
c,COLBUN,111,751021.912242
c,COLBUN,112,751291.073208
c,COLBUN,113,751560.234174
c,COLBUN,114,751674.020704
c,COLBUN,115,751800.728306
c,COLBUN,116,751927.435909
c,COLBUN,117,752054.143511
c,COLBUN,118,752180.851114
c,COLBUN,119,752307.558716
c,COLBUN,120,752434.266319
c,COLBUN,121,752560.517798
c,COLBUN,122,752687.225401
c,COLBUN,123,752813.933003
c,COLBUN,124,752940.640606
c,COLBUN,125,753067.348208
c,COLBUN,126,753194.055811
c,COLBUN,127,753320.763413
c,COLBUN,128,753414.611003
c,COLBUN,129,753289.978918
c,COLBUN,130,753361.482939
c,COLBUN,131,753630.643905
c,COLBUN,132,753899.804871
c,COLBUN,133,754168.965837
c,COLBUN,134,754438.126803
c,COLBUN,135,754707.287769
c,COLBUN,136,754976.448735
c,COLBUN,137,755245.609701
c,COLBUN,138,755359.359438
c,COLBUN,139,755486.067041
c,COLBUN,140,755612.774643
c,COLBUN,141,755739.482246
c,COLBUN,142,755866.189848
c,COLBUN,143,755992.897451
c,COLBUN,144,756119.605053
c,COLBUN,145,756246.196649
c,COLBUN,146,756372.904252
c,COLBUN,147,756499.611854
c,COLBUN,148,756626.319457
c,COLBUN,149,756753.027059
c,COLBUN,150,756879.734662
c,COLBUN,151,757006.442264
c,COLBUN,152,757107.347836
c,COLBUN,153,757188.253248
c,COLBUN,154,757258.648553
c,COLBUN,155,757527.809519
c,COLBUN,156,757796.970485
c,COLBUN,157,758066.131451
c,COLBUN,158,758335.292417
c,COLBUN,159,758604.453383
c,COLBUN,160,758873.614348
c,COLBUN,161,759142.775314
c,COLBUN,162,759262.190508
c,COLBUN,163,759388.89811
c,COLBUN,164,759515.605713
c,COLBUN,165,759642.313315
c,COLBUN,166,759769.020918
c,COLBUN,167,759895.72852
c,COLBUN,168,760022.436123
c,ELTORO,001,810681.670622
c,ELTORO,002,810604.469308
c,ELTORO,003,810538.311574
c,ELTORO,004,810475.438013
c,ELTORO,005,810412.741896
c,ELTORO,006,810351.85715
c,ELTORO,007,810284.34521
c,ELTORO,008,810225.258544
c,ELTORO,009,810165.225575
c,ELTORO,010,810094.923265
c,ELTORO,011,809972.705108
c,ELTORO,012,809851.731407
c,ELTORO,013,809731.966375
c,ELTORO,014,809611.857735
c,ELTORO,015,809491.511826
c,ELTORO,016,809370.901665
c,ELTORO,017,809251.720233
c,ELTORO,018,809135.942552
c,ELTORO,019,809027.103823
c,ELTORO,020,808923.264474
c,ELTORO,021,808823.627908
c,ELTORO,022,808710.002435
c,ELTORO,023,808603.645579
c,ELTORO,024,808489.198571
c,ELTORO,025,808363.140556
c,ELTORO,026,808297.714384
c,ELTORO,027,808231.096441
c,ELTORO,028,808165.34243
c,ELTORO,029,808099.222061
c,ELTORO,030,808033.772476
c,ELTORO,031,807968.896117
c,ELTORO,032,807904.450365
c,ELTORO,033,807838.395272
c,ELTORO,034,807716.118901
c,ELTORO,035,807589.717041
c,ELTORO,036,807466.104583
c,ELTORO,037,807340.321032
c,ELTORO,038,807211.672453
c,ELTORO,039,807084.563818
c,ELTORO,040,806995.583109
c,ELTORO,041,806906.859486
c,ELTORO,042,806799.25386
c,ELTORO,043,806682.070414
c,ELTORO,044,806595.222475
c,ELTORO,045,806505.714475
c,ELTORO,046,806416.115971
c,ELTORO,047,806331.787744
c,ELTORO,048,806212.235202
c,ELTORO,049,806140.308424
c,ELTORO,050,806073.967064
c,ELTORO,051,806008.172964
c,ELTORO,052,805940.024231
c,ELTORO,053,805871.497891
c,ELTORO,054,805803.948653
c,ELTORO,055,805736.731726
c,ELTORO,056,805673.772494
c,ELTORO,057,805615.71933
c,ELTORO,058,805554.845194
c,ELTORO,059,805486.214701
c,ELTORO,060,805421.507733
c,ELTORO,061,805357.903558
c,ELTORO,062,805294.175125
c,ELTORO,063,805230.468813
c,ELTORO,064,805166.741096
c,ELTORO,065,805094.445054
c,ELTORO,066,805026.065784
c,ELTORO,067,804951.741262
c,ELTORO,068,804847.5424
c,ELTORO,069,804733.56605
c,ELTORO,070,804619.445086
c,ELTORO,071,804517.03512
c,ELTORO,072,804447.328919
c,ELTORO,073,804382.152086
c,ELTORO,074,804316.250658
c,ELTORO,075,804250.802966
c,ELTORO,076,804184.588609
c,ELTORO,077,804118.19775
c,ELTORO,078,804058.143245
c,ELTORO,079,803991.908
c,ELTORO,080,803870.509006
c,ELTORO,081,803767.665513
c,ELTORO,082,803678.129969
c,ELTORO,083,803561.83687
c,ELTORO,084,803444.066437
c,ELTORO,085,803325.970055
c,ELTORO,086,803210.90572
c,ELTORO,087,803095.695706
c,ELTORO,088,802981.305802
c,ELTORO,089,802867.845583
c,ELTORO,090,802730.952471
c,ELTORO,091,802680.128116
c,ELTORO,092,802630.016267
c,ELTORO,093,802498.588651
c,ELTORO,094,802359.011113
c,ELTORO,095,802289.682361
c,ELTORO,096,802167.598612
c,ELTORO,097,802103.654456
c,ELTORO,098,802042.578296
c,ELTORO,099,801981.255309
c,ELTORO,100,801920.174125
c,ELTORO,101,801859.166513
c,ELTORO,102,801797.941295
c,ELTORO,103,801736.868
c,ELTORO,104,801608.405695
c,ELTORO,105,801520.090001
c,ELTORO,106,801395.051437
c,ELTORO,107,801300.696218
c,ELTORO,108,801187.692816
c,ELTORO,109,801070.091437
c,ELTORO,110,800951.038324
c,ELTORO,111,800832.260759
c,ELTORO,112,800712.579638
c,ELTORO,113,800601.049703
c,ELTORO,114,800458.533761
c,ELTORO,115,800408.984923
c,ELTORO,116,800358.578602
c,ELTORO,117,800217.640558
c,ELTORO,118,800075.51246
c,ELTORO,119,800002.334648
c,ELTORO,120,799904.699998
c,ELTORO,121,799840.242031
c,ELTORO,122,799779.418778
c,ELTORO,123,799720.080283
c,ELTORO,124,799660.960602
c,ELTORO,125,799601.956667
c,ELTORO,126,799542.778689
c,ELTORO,127,799481.828
c,ELTORO,128,799350.773087
c,ELTORO,129,799261.573329
c,ELTORO,130,799138.59051
c,ELTORO,131,799042.903957
c,ELTORO,132,798946.454062
c,ELTORO,133,798842.150685
c,ELTORO,134,798743.178604
c,ELTORO,135,798642.316839
c,ELTORO,136,798544.390166
c,ELTORO,137,798450.35088
c,ELTORO,138,798311.294553
c,ELTORO,139,798262.033899
c,ELTORO,140,798115.056293
c,ELTORO,141,797971.396958
c,ELTORO,142,797827.953671
c,ELTORO,143,797730.55371
c,ELTORO,144,797648.430129
c,ELTORO,145,797584.682262
c,ELTORO,146,797522.724777
c,ELTORO,147,797463.956992
c,ELTORO,148,797404.902696
c,ELTORO,149,797346.021037
c,ELTORO,150,797287.230552
c,ELTORO,151,797226.788
c,ELTORO,152,797097.225654
c,ELTORO,153,796972.519457
c,ELTORO,154,796848.325356
c,ELTORO,155,796753.162505
c,ELTORO,156,796656.401308
c,ELTORO,157,796560.858221
c,ELTORO,158,796466.95724
c,ELTORO,159,796375.260199
c,ELTORO,160,796283.38974
c,ELTORO,161,796190.394287
c,ELTORO,162,796116.524737
c,ELTORO,163,796060.596553
c,ELTORO,164,796005.308
c,ELTORO,165,795895.076054
c,ELTORO,166,795778.063855
c,ELTORO,167,795711.899701
c,ELTORO,168,795629.468
c,MACHICURA,001,14815.6899091
c,MACHICURA,002,14684.7808182
c,MACHICURA,003,14786.3065099
c,MACHICURA,004,14891.6803684
c,MACHICURA,005,15022.2861136
c,MACHICURA,006,15155.6700033
c,MACHICURA,007,15277.5643891
c,MACHICURA,008,15293.4291679
c,MACHICURA,009,15311.9563108
c,MACHICURA,010,15402.6806831
c,MACHICURA,011,15280.8326699
c,MACHICURA,012,15163.0376868
c,MACHICURA,013,15045.1920662
c,MACHICURA,014,14927.7391701
c,MACHICURA,015,14811.0154474
c,MACHICURA,016,14695.6143699
c,MACHICURA,017,14580.7634814
c,MACHICURA,018,14483.0241354
c,MACHICURA,019,14771.6743862
c,MACHICURA,020,15053.9987026
c,MACHICURA,021,15353.5241235
c,MACHICURA,022,15665.2630706
c,MACHICURA,023,15946.4852342
c,MACHICURA,024,15970.8649177
c,MACHICURA,025,15861.558585
c,MACHICURA,026,15745.5082311
c,MACHICURA,027,15805.5941323
c,MACHICURA,028,15835.4203305
c,MACHICURA,029,15865.9313746
c,MACHICURA,030,15878.2203503
c,MACHICURA,031,15861.2816064
c,MACHICURA,032,15742.3373474
c,MACHICURA,033,15817.9128548
c,MACHICURA,034,15709.5410996
c,MACHICURA,035,15612.9272043
c,MACHICURA,036,15512.1795219
c,MACHICURA,037,15413.4608071
c,MACHICURA,038,15317.839479
c,MACHICURA,039,15220.8484448
c,MACHICURA,040,15154.2067718
c,MACHICURA,041,15081.9356836
c,MACHICURA,042,15385.3341108
c,MACHICURA,043,15307.1886866
c,MACHICURA,044,15579.4745417
c,MACHICURA,045,15849.8139182
c,MACHICURA,046,16120.1018866
c,MACHICURA,047,16287.6528917
c,MACHICURA,048,16156.7438008
c,MACHICURA,049,16025.8347098
c,MACHICURA,050,15894.9256189
c,MACHICURA,051,15764.016528
c,MACHICURA,052,15866.9281005
c,MACHICURA,053,15887.2323443
c,MACHICURA,054,15905.621845
c,MACHICURA,055,15923.2433835
c,MACHICURA,056,16070.2441336
c,MACHICURA,057,16083.9851808
c,MACHICURA,058,16099.4760354
c,MACHICURA,059,15969.297331
c,MACHICURA,060,15847.4162728
c,MACHICURA,061,15726.4519335
c,MACHICURA,062,15605.7206108
c,MACHICURA,063,15484.7509513
c,MACHICURA,064,15363.9311198
c,MACHICURA,065,15243.762968
c,MACHICURA,066,15209.5768434
c,MACHICURA,067,15497.6567377
c,MACHICURA,068,15779.4148284
c,MACHICURA,069,16090.5271087
c,MACHICURA,070,16402.0357978
c,MACHICURA,071,16674.7240252
c,MACHICURA,072,16822.7370706
c,MACHICURA,073,16745.0521476
c,MACHICURA,074,16664.0341197
c,MACHICURA,075,16724.4696726
c,MACHICURA,076,16786.3482171
c,MACHICURA,077,16848.5218249
c,MACHICURA,078,16776.5541215
c,MACHICURA,079,16776.7635587
c,MACHICURA,080,17026.6639614
c,MACHICURA,081,17250.6651797
c,MACHICURA,082,17328.2044501
c,MACHICURA,083,17197.2953592
c,MACHICURA,084,17066.3862683
c,MACHICURA,085,16935.4771774
c,MACHICURA,086,16804.5680864
c,MACHICURA,087,16673.6589955
c,MACHICURA,088,16542.797988
c,MACHICURA,089,16412.6516973
c,MACHICURA,090,16295.1490464
c,MACHICURA,091,16164.2399555
c,MACHICURA,092,16033.3308646
c,MACHICURA,093,15902.4217737
c,MACHICURA,094,15771.5126828
c,MACHICURA,095,15640.6035919
c,MACHICURA,096,15509.694501
c,MACHICURA,097,15378.7854101
c,MACHICURA,098,15247.8763191
c,MACHICURA,099,15116.9672282
c,MACHICURA,100,14986.0581373
c,MACHICURA,101,14855.1490464
c,MACHICURA,102,14724.2399555
c,MACHICURA,103,14593.3308646
c,MACHICURA,104,14595.5356601
c,MACHICURA,105,14822.4232159
c,MACHICURA,106,14745.9573598
c,MACHICURA,107,14615.0482689
c,MACHICURA,108,14484.139178
c,MACHICURA,109,14353.2300871
c,MACHICURA,110,14222.3209962
c,MACHICURA,111,14091.4119053
c,MACHICURA,112,13960.5028143
c,MACHICURA,113,13829.5937234
c,MACHICURA,114,13711.6057048
c,MACHICURA,115,13580.6966139
c,MACHICURA,116,13449.787523
c,MACHICURA,117,13318.8784321
c,MACHICURA,118,13187.9693412
c,MACHICURA,119,13057.0602503
c,MACHICURA,120,12926.1511594
c,MACHICURA,121,12795.6981913
c,MACHICURA,122,12664.7891004
c,MACHICURA,123,12533.8800094
c,MACHICURA,124,12402.9709185
c,MACHICURA,125,12272.0618276
c,MACHICURA,126,12141.1527367
c,MACHICURA,127,12010.2436458
c,MACHICURA,128,11912.1945677
c,MACHICURA,129,12032.6251641
c,MACHICURA,130,11956.919655
c,MACHICURA,131,11826.0105641
c,MACHICURA,132,11695.1014732
c,MACHICURA,133,11564.1923823
c,MACHICURA,134,11433.2832914
c,MACHICURA,135,11302.3742005
c,MACHICURA,136,11171.4651096
c,MACHICURA,137,11040.5560187
c,MACHICURA,138,10922.6047925
c,MACHICURA,139,10791.6957016
c,MACHICURA,140,10660.7866107
c,MACHICURA,141,10529.8775198
c,MACHICURA,142,10398.9684289
c,MACHICURA,143,10268.0593379
c,MACHICURA,144,10137.150247
c,MACHICURA,145,10006.3571627
c,MACHICURA,146,9875.44807177
c,MACHICURA,147,9744.53898086
c,MACHICURA,148,9613.62988995
c,MACHICURA,149,9482.72079904
c,MACHICURA,150,9351.81170813
c,MACHICURA,151,9220.90261722
c,MACHICURA,152,9115.7955567
c,MACHICURA,153,9030.68865646
c,MACHICURA,154,8956.09186351
c,MACHICURA,155,8825.1827726
c,MACHICURA,156,8694.27368169
c,MACHICURA,157,8563.36459078
c,MACHICURA,158,8432.45549987
c,MACHICURA,159,8301.54640896
c,MACHICURA,160,8170.63731805
c,MACHICURA,161,8039.72822714
c,MACHICURA,162,7916.11154545
c,MACHICURA,163,7785.20245455
c,MACHICURA,164,7654.29336364
c,MACHICURA,165,7523.38427273
c,MACHICURA,166,7392.47518182
c,MACHICURA,167,7261.56609091
c,MACHICURA,168,7130.657
c,PANGUE,001,62251.9797474
c,PANGUE,002,62201.5594948
c,PANGUE,003,62151.1392423
c,PANGUE,004,62100.7189897
c,PANGUE,005,62050.2987371
c,PANGUE,006,61999.8784845
c,PANGUE,007,61949.4582319
c,PANGUE,008,61899.0379793
c,PANGUE,009,61848.6177268
c,PANGUE,010,61798.1974742
c,PANGUE,011,61747.7772216
c,PANGUE,012,61697.356969
c,PANGUE,013,61646.9367164
c,PANGUE,014,61596.5164638
c,PANGUE,015,61546.0962113
c,PANGUE,016,61495.6759587
c,PANGUE,017,61445.2557061
c,PANGUE,018,61394.8354535
c,PANGUE,019,61344.4152009
c,PANGUE,020,61293.9949483
c,PANGUE,021,61360.2562735
c,PANGUE,022,61309.8360209
c,PANGUE,023,61259.4157683
c,PANGUE,024,61208.9955157
c,PANGUE,025,61158.5752631
c,PANGUE,026,61108.1550106
c,PANGUE,027,61057.734758
c,PANGUE,028,61007.3145054
c,PANGUE,029,60956.8942528
c,PANGUE,030,60906.4740002
c,PANGUE,031,60856.0537476
c,PANGUE,032,60805.6334951
c,PANGUE,033,60755.2132425
c,PANGUE,034,60704.7929899
c,PANGUE,035,60654.3727373
c,PANGUE,036,60603.9524847
c,PANGUE,037,60553.5322321
c,PANGUE,038,60503.1119796
c,PANGUE,039,60452.691727
c,PANGUE,040,60709.8307375
c,PANGUE,041,60958.4624136
c,PANGUE,042,60955.4172324
c,PANGUE,043,60904.9969798
c,PANGUE,044,61012.1215245
c,PANGUE,045,61156.6866098
c,PANGUE,046,61301.9835085
c,PANGUE,047,61384.2993272
c,PANGUE,048,61333.8790746
c,PANGUE,049,61283.458822
c,PANGUE,050,61233.0385695
c,PANGUE,051,61182.6183169
c,PANGUE,052,61132.1980643
c,PANGUE,053,61081.7778117
c,PANGUE,054,61031.3575591
c,PANGUE,055,60980.9373065
c,PANGUE,056,60930.517054
c,PANGUE,057,60880.0968014
c,PANGUE,058,60829.6765488
c,PANGUE,059,60779.2562962
c,PANGUE,060,60728.8360436
c,PANGUE,061,60678.415791
c,PANGUE,062,60627.9955385
c,PANGUE,063,60577.5752859
c,PANGUE,064,60527.1550333
c,PANGUE,065,60476.7347807
c,PANGUE,066,60426.3145281
c,PANGUE,067,60375.8942755
c,PANGUE,068,60325.474023
c,PANGUE,069,60275.0537704
c,PANGUE,070,60224.6335178
c,PANGUE,071,60174.2132652
c,PANGUE,072,60123.7930126
c,PANGUE,073,60073.37276
c,PANGUE,074,60022.9525075
c,PANGUE,075,59972.5322549
c,PANGUE,076,59922.1120023
c,PANGUE,077,59871.6917497
c,PANGUE,078,59821.2714971
c,PANGUE,079,59770.8512445
c,PANGUE,080,59720.430992
c,PANGUE,081,59777.7560315
c,PANGUE,082,60048.2902021
c,PANGUE,083,60105.6152416
c,PANGUE,084,60162.9402811
c,PANGUE,085,60221.1594375
c,PANGUE,086,60282.2381905
c,PANGUE,087,60343.1547182
c,PANGUE,088,60404.7929983
c,PANGUE,089,60467.3282743
c,PANGUE,090,60416.9080217
c,PANGUE,091,60366.4877691
c,PANGUE,092,60316.0675165
c,PANGUE,093,60265.6472639
c,PANGUE,094,60215.2270113
c,PANGUE,095,60164.8067588
c,PANGUE,096,60114.3865062
c,PANGUE,097,60063.9662536
c,PANGUE,098,60013.546001
c,PANGUE,099,59963.1257484
c,PANGUE,100,59912.7054958
c,PANGUE,101,59862.2852433
c,PANGUE,102,59811.8649907
c,PANGUE,103,59761.4447381
c,PANGUE,104,59711.0244855
c,PANGUE,105,59897.2507929
c,PANGUE,106,59954.5758325
c,PANGUE,107,60196.7142008
c,PANGUE,108,60284.9980898
c,PANGUE,109,60342.3231293
c,PANGUE,110,60399.6481688
c,PANGUE,111,60456.9732084
c,PANGUE,112,60514.2982479
c,PANGUE,113,60637.6925677
c,PANGUE,114,60587.2723151
c,PANGUE,115,60536.8520625
c,PANGUE,116,60486.4318099
c,PANGUE,117,60436.0115573
c,PANGUE,118,60385.5913047
c,PANGUE,119,60335.1710522
c,PANGUE,120,60284.7507996
c,PANGUE,121,60234.330547
c,PANGUE,122,60183.9102944
c,PANGUE,123,60133.4900418
c,PANGUE,124,60083.0697892
c,PANGUE,125,60032.6495367
c,PANGUE,126,59982.2292841
c,PANGUE,127,59931.8090315
c,PANGUE,128,59881.3887789
c,PANGUE,129,60103.1618951
c,PANGUE,130,60162.5745842
c,PANGUE,131,60405.9317203
c,PANGUE,132,60648.5273988
c,PANGUE,133,60816.2947187
c,PANGUE,134,61009.6415016
c,PANGUE,135,61192.9010262
c,PANGUE,136,61391.1232041
c,PANGUE,137,61609.5932216
c,PANGUE,138,61559.1729691
c,PANGUE,139,61508.7527165
c,PANGUE,140,61458.3324639
c,PANGUE,141,61407.9122113
c,PANGUE,142,61357.4919587
c,PANGUE,143,61307.0717061
c,PANGUE,144,61256.6514536
c,PANGUE,145,61206.231201
c,PANGUE,146,61155.8109484
c,PANGUE,147,61105.3906958
c,PANGUE,148,61054.9704432
c,PANGUE,149,61004.5501906
c,PANGUE,150,60954.1299381
c,PANGUE,151,60903.7096855
c,PANGUE,152,60853.2894329
c,PANGUE,153,60879.0549511
c,PANGUE,154,60937.7305665
c,PANGUE,155,61182.0368458
c,PANGUE,156,61424.8099708
c,PANGUE,157,61668.7091848
c,PANGUE,158,61914.196204
c,PANGUE,159,62161.7578547
c,PANGUE,160,62409.1022036
c,PANGUE,161,62655.3417681
c,PANGUE,162,62604.9215155
c,PANGUE,163,62554.5012629
c,PANGUE,164,62504.0810103
c,PANGUE,165,62453.6607577
c,PANGUE,166,62403.2405052
c,PANGUE,167,62352.8202526
c,PANGUE,168,62302.4
c,PEHUENCHE,001,107766.921598
c,PEHUENCHE,002,107826.773195
c,PEHUENCHE,003,107886.624793
c,PEHUENCHE,004,107946.47639
c,PEHUENCHE,005,108006.327988
c,PEHUENCHE,006,108066.179585
c,PEHUENCHE,007,108126.031183
c,PEHUENCHE,008,108185.88278
c,PEHUENCHE,009,108245.734378
c,PEHUENCHE,010,108305.585975
c,PEHUENCHE,011,108365.437573
c,PEHUENCHE,012,108425.28917
c,PEHUENCHE,013,108485.140768
c,PEHUENCHE,014,108544.992365
c,PEHUENCHE,015,108604.843963
c,PEHUENCHE,016,108664.69556
c,PEHUENCHE,017,108724.547158
c,PEHUENCHE,018,108784.398755
c,PEHUENCHE,019,108844.250353
c,PEHUENCHE,020,108904.10195
c,PEHUENCHE,021,108963.953548
c,PEHUENCHE,022,109023.805145
c,PEHUENCHE,023,109083.656743
c,PEHUENCHE,024,109143.50834
c,PEHUENCHE,025,109203.359938
c,PEHUENCHE,026,109263.211535
c,PEHUENCHE,027,109323.063133
c,PEHUENCHE,028,109382.91473
c,PEHUENCHE,029,109442.766328
c,PEHUENCHE,030,109502.617925
c,PEHUENCHE,031,109562.469523
c,PEHUENCHE,032,109622.32112
c,PEHUENCHE,033,109682.172718
c,PEHUENCHE,034,109742.024315
c,PEHUENCHE,035,109801.875913
c,PEHUENCHE,036,109861.72751
c,PEHUENCHE,037,109921.579108
c,PEHUENCHE,038,109981.430705
c,PEHUENCHE,039,110041.282303
c,PEHUENCHE,040,110101.133901
c,PEHUENCHE,041,110160.985498
c,PEHUENCHE,042,110220.837096
c,PEHUENCHE,043,110280.688693
c,PEHUENCHE,044,110340.540291
c,PEHUENCHE,045,110400.391888
c,PEHUENCHE,046,110460.243486
c,PEHUENCHE,047,110520.095083
c,PEHUENCHE,048,110579.946681
c,PEHUENCHE,049,110639.798278
c,PEHUENCHE,050,110699.649876
c,PEHUENCHE,051,110759.501473
c,PEHUENCHE,052,110819.353071
c,PEHUENCHE,053,110879.204668
c,PEHUENCHE,054,110939.056266
c,PEHUENCHE,055,110998.907863
c,PEHUENCHE,056,111058.759461
c,PEHUENCHE,057,111118.611058
c,PEHUENCHE,058,111178.462656
c,PEHUENCHE,059,111238.314253
c,PEHUENCHE,060,111298.165851
c,PEHUENCHE,061,111358.017448
c,PEHUENCHE,062,111417.869046
c,PEHUENCHE,063,111477.720643
c,PEHUENCHE,064,111537.572241
c,PEHUENCHE,065,111597.423838
c,PEHUENCHE,066,111657.275436
c,PEHUENCHE,067,111717.127033
c,PEHUENCHE,068,111776.978631
c,PEHUENCHE,069,111836.830228
c,PEHUENCHE,070,111896.681826
c,PEHUENCHE,071,111956.533423
c,PEHUENCHE,072,112016.385021
c,PEHUENCHE,073,112076.236618
c,PEHUENCHE,074,112136.088216
c,PEHUENCHE,075,112195.939813
c,PEHUENCHE,076,112255.791411
c,PEHUENCHE,077,112315.643008
c,PEHUENCHE,078,112375.494606
c,PEHUENCHE,079,112435.346204
c,PEHUENCHE,080,112495.197801
c,PEHUENCHE,081,112555.049399
c,PEHUENCHE,082,112614.900996
c,PEHUENCHE,083,112532.29923
c,PEHUENCHE,084,112449.697464
c,PEHUENCHE,085,112367.095698
c,PEHUENCHE,086,112284.493932
c,PEHUENCHE,087,112201.892166
c,PEHUENCHE,088,112119.2904
c,PEHUENCHE,089,112036.688634
c,PEHUENCHE,090,112096.540232
c,PEHUENCHE,091,112156.391829
c,PEHUENCHE,092,112216.243427
c,PEHUENCHE,093,112276.095024
c,PEHUENCHE,094,112335.946622
c,PEHUENCHE,095,112395.798219
c,PEHUENCHE,096,112455.649817
c,PEHUENCHE,097,112515.501414
c,PEHUENCHE,098,112575.353012
c,PEHUENCHE,099,112635.204609
c,PEHUENCHE,100,112695.056207
c,PEHUENCHE,101,112754.907804
c,PEHUENCHE,102,112814.759402
c,PEHUENCHE,103,112874.610999
c,PEHUENCHE,104,112934.462597
c,PEHUENCHE,105,112994.314194
c,PEHUENCHE,106,113054.165792
c,PEHUENCHE,107,112971.564026
c,PEHUENCHE,108,112888.96226
c,PEHUENCHE,109,112806.360494
c,PEHUENCHE,110,112723.758728
c,PEHUENCHE,111,112641.156962
c,PEHUENCHE,112,112558.555196
c,PEHUENCHE,113,112475.95343
c,PEHUENCHE,114,112535.805028
c,PEHUENCHE,115,112595.656625
c,PEHUENCHE,116,112655.508223
c,PEHUENCHE,117,112715.35982
c,PEHUENCHE,118,112775.211418
c,PEHUENCHE,119,112835.063015
c,PEHUENCHE,120,112894.914613
c,PEHUENCHE,121,112954.76621
c,PEHUENCHE,122,113014.617808
c,PEHUENCHE,123,113074.469405
c,PEHUENCHE,124,113134.321003
c,PEHUENCHE,125,113194.1726
c,PEHUENCHE,126,113254.024198
c,PEHUENCHE,127,113313.875795
c,PEHUENCHE,128,113373.727393
c,PEHUENCHE,129,113433.57899
c,PEHUENCHE,130,113493.430588
c,PEHUENCHE,131,113410.828822
c,PEHUENCHE,132,113328.227056
c,PEHUENCHE,133,113245.62529
c,PEHUENCHE,134,113163.023524
c,PEHUENCHE,135,113080.421758
c,PEHUENCHE,136,112997.819992
c,PEHUENCHE,137,112915.218226
c,PEHUENCHE,138,112975.069824
c,PEHUENCHE,139,113034.921421
c,PEHUENCHE,140,113094.773019
c,PEHUENCHE,141,113154.624616
c,PEHUENCHE,142,113214.476214
c,PEHUENCHE,143,113274.327811
c,PEHUENCHE,144,113334.179409
c,PEHUENCHE,145,113394.031006
c,PEHUENCHE,146,113453.882604
c,PEHUENCHE,147,113513.734201
c,PEHUENCHE,148,113573.585799
c,PEHUENCHE,149,113633.437396
c,PEHUENCHE,150,113693.288994
c,PEHUENCHE,151,113753.140591
c,PEHUENCHE,152,113812.992189
c,PEHUENCHE,153,113872.843786
c,PEHUENCHE,154,113932.695384
c,PEHUENCHE,155,113850.093618
c,PEHUENCHE,156,113767.491852
c,PEHUENCHE,157,113684.890086
c,PEHUENCHE,158,113602.28832
c,PEHUENCHE,159,113519.686554
c,PEHUENCHE,160,113437.084788
c,PEHUENCHE,161,113354.483022
c,PEHUENCHE,162,113414.33462
c,PEHUENCHE,163,113474.186217
c,PEHUENCHE,164,113534.037815
c,PEHUENCHE,165,113593.889412
c,PEHUENCHE,166,113653.74101
c,PEHUENCHE,167,113713.592607
c,PEHUENCHE,168,113773.444205
c,Polcura,001,639.815378477
c,Polcura,002,623.056691643
c,Polcura,003,595.254425901
c,Polcura,004,564.1679871
c,Polcura,005,532.904104483
c,Polcura,006,499.828849864
c,Polcura,007,473.380790263
c,Polcura,008,438.507456425
c,Polcura,009,404.580424706
c,Polcura,010,380.922735399
c,Polcura,011,409.180892363
c,Polcura,012,436.194592732
c,Polcura,013,461.999625318
c,Polcura,014,488.148264997
c,Polcura,015,514.534174067
c,Polcura,016,541.184334807
c,Polcura,017,566.405766507
c,Polcura,018,588.223448037
c,Polcura,019,603.102176791
c,Polcura,020,612.98152626
c,Polcura,021,618.658092416
c,Polcura,022,638.323565472
c,Polcura,023,650.720421431
c,Polcura,024,671.2074293
c,Polcura,025,703.305443982
c,Polcura,026,674.771615996
c,Polcura,027,647.429559235
c,Polcura,028,619.223570462
c,Polcura,029,591.383938769
c,Polcura,030,562.87352441
c,Polcura,031,533.78988252
c,Polcura,032,504.275635218
c,Polcura,033,476.370727615
c,Polcura,034,504.687099199
c,Polcura,035,537.128959031
c,Polcura,036,566.781417257
c,Polcura,037,598.604967964
c,Polcura,038,633.29354655
c,Polcura,039,666.442181782
c,Polcura,040,661.462891226
c,Polcura,041,656.226513926
c,Polcura,042,669.872139996
c,Polcura,043,693.09558638
c,Polcura,044,685.983525183
c,Polcura,045,681.531524786
c,Polcura,046,677.170029416
c,Polcura,047,667.538255795
c,Polcura,048,693.130798142
c,Polcura,049,671.097576491
c,Polcura,050,643.478935976
c,Polcura,051,615.313035828
c,Polcura,052,589.501768876
c,Polcura,053,564.068109033
c,Polcura,054,537.657347477
c,Polcura,055,510.914274157
c,Polcura,056,479.913506111
c,Polcura,057,444.006669793
c,Polcura,058,410.920805983
c,Polcura,059,385.591298862
c,Polcura,060,356.338266654
c,Polcura,061,325.982442022
c,Polcura,062,295.750875093
c,Polcura,063,265.497187283
c,Polcura,064,235.26490433
c,Polcura,065,213.600946431
c,Polcura,066,188.020215534
c,Polcura,067,168.384738241
c,Polcura,068,178.623599564
c,Polcura,069,198.639950067
c,Polcura,070,218.800913809
c,Polcura,071,227.250880287
c,Polcura,072,202.997080516
c,Polcura,073,174.213913576
c,Polcura,074,146.155342244
c,Polcura,075,117.643033891
c,Polcura,076,89.8973910268
c,Polcura,077,62.3282498771
c,Polcura,078,28.4227550336
c,Polcura,079,0.698
c,Polcura,080,28.1369943184
c,Polcura,081,37.0204865278
c,Polcura,082,32.5960311388
c,Polcura,083,54.9291304158
c,Polcura,084,78.7395625103
c,Polcura,085,102.875945366
c,Polcura,086,123.98027954
c,Polcura,087,145.230293538
c,Polcura,088,165.660197518
c,Polcura,089,185.160416608
c,Polcura,090,228.093528733
c,Polcura,091,184.957883911
c,Polcura,092,141.109732661
c,Polcura,093,178.577349169
c,Polcura,094,224.194886664
c,Polcura,095,199.563639242
c,Polcura,096,227.687388088
c,Polcura,097,197.6715441
c,Polcura,098,164.787703588
c,Polcura,099,132.150690642
c,Polcura,100,99.271875348
c,Polcura,101,66.3194873986
c,Polcura,102,33.5847047262
c,Polcura,103,0.698
c,Polcura,104,35.2003048055
c,Polcura,105,29.5559990498
c,Polcura,106,60.6345634457
c,Polcura,107,61.029782158
c,Polcura,108,80.0731836928
c,Polcura,109,103.714563107
c,Polcura,110,128.807676134
c,Polcura,111,153.625240602
c,Polcura,112,179.346362114
c,Polcura,113,196.916297433
c,Polcura,114,245.472238511
c,Polcura,115,201.061076761
c,Polcura,116,157.507397844
c,Polcura,117,204.485441599
c,Polcura,118,252.653539933
c,Polcura,119,231.871352355
c,Polcura,120,235.546001642
c,Polcura,121,206.043969402
c,Polcura,122,172.907222431
c,Polcura,123,138.285716657
c,Polcura,124,103.445398423
c,Polcura,125,68.4893325058
c,Polcura,126,33.7073107104
c,Polcura,127,0.698
c,Polcura,128,37.7929134872
c,Polcura,129,33.0326713306
c,Polcura,130,62.0554903511
c,Polcura,131,63.7820434945
c,Polcura,132,66.271937597
c,Polcura,133,76.6153154445
c,Polcura,134,81.6273961192
c,Polcura,135,88.5291605098
c,Polcura,136,92.495834341
c,Polcura,137,92.5751200139
c,Polcura,138,137.67144721
c,Polcura,139,92.9721005032
c,Polcura,140,145.989706953
c,Polcura,141,195.689042016
c,Polcura,142,245.172329138
c,Polcura,143,248.612290201
c,Polcura,144,236.775870787
c,Polcura,145,206.563737803
c,Polcura,146,174.561222531
c,Polcura,147,139.369008156
c,Polcura,148,104.463303623
c,Polcura,149,69.3849632577
c,Polcura,150,34.2154484668
c,Polcura,151,0.698
c,Polcura,152,36.3003459005
c,Polcura,153,67.0465425838
c,Polcura,154,97.280644342
c,Polcura,155,98.4834954307
c,Polcura,156,101.284692204
c,Polcura,157,102.867779439
c,Polcura,158,102.808760155
c,Polcura,159,100.54580056
c,Polcura,160,98.4562597953
c,Polcura,161,97.4917132731
c,Polcura,162,77.4012634962
c,Polcura,163,39.3694473026
c,Polcura,164,0.698
c,Polcura,165,16.9699456467
c,Polcura,166,40.0221447874
c,Polcura,167,12.2262992054
c,Polcura,168,0.698
c,RALCO,001,409621.9
c,RALCO,002,409681.3
c,RALCO,003,409740.7
c,RALCO,004,409800.1
c,RALCO,005,409859.5
c,RALCO,006,409918.9
c,RALCO,007,409978.3
c,RALCO,008,410037.7
c,RALCO,009,410097.1
c,RALCO,010,410156.5
c,RALCO,011,410215.9
c,RALCO,012,410275.3
c,RALCO,013,410334.7
c,RALCO,014,410394.1
c,RALCO,015,410453.5
c,RALCO,016,410512.9
c,RALCO,017,410572.3
c,RALCO,018,410631.7
c,RALCO,019,410691.1
c,RALCO,020,410750.5
c,RALCO,021,410693.218422
c,RALCO,022,410752.618422
c,RALCO,023,410812.018422
c,RALCO,024,410871.418422
c,RALCO,025,410930.818422
c,RALCO,026,410990.218422
c,RALCO,027,411049.618422
c,RALCO,028,411109.018422
c,RALCO,029,411168.418422
c,RALCO,030,411227.818422
c,RALCO,031,411287.218422
c,RALCO,032,411346.618422
c,RALCO,033,411406.018422
c,RALCO,034,411465.418422
c,RALCO,035,411524.818422
c,RALCO,036,411584.218422
c,RALCO,037,411643.618422
c,RALCO,038,411703.018422
c,RALCO,039,411762.418422
c,RALCO,040,411514.259159
c,RALCO,041,411274.60723
c,RALCO,042,411286.632159
c,RALCO,043,411346.032159
c,RALCO,044,411247.887362
c,RALCO,045,411112.302024
c,RALCO,046,410975.984873
c,RALCO,047,410902.648801
c,RALCO,048,410962.048801
c,RALCO,049,411021.448801
c,RALCO,050,411080.848801
c,RALCO,051,411140.248801
c,RALCO,052,411199.648801
c,RALCO,053,411259.048801
c,RALCO,054,411318.448801
c,RALCO,055,411377.848801
c,RALCO,056,411437.248801
c,RALCO,057,411496.648801
c,RALCO,058,411556.048801
c,RALCO,059,411615.448801
c,RALCO,060,411674.848801
c,RALCO,061,411734.248801
c,RALCO,062,411793.648801
c,RALCO,063,411853.048801
c,RALCO,064,411912.448801
c,RALCO,065,411971.848801
c,RALCO,066,412031.248801
c,RALCO,067,412090.648801
c,RALCO,068,412150.048801
c,RALCO,069,412209.448801
c,RALCO,070,412268.848801
c,RALCO,071,412328.248801
c,RALCO,072,412387.648801
c,RALCO,073,412447.048801
c,RALCO,074,412506.448801
c,RALCO,075,412565.848801
c,RALCO,076,412625.248801
c,RALCO,077,412684.648801
c,RALCO,078,412744.048801
c,RALCO,079,412803.448801
c,RALCO,080,412862.848801
c,RALCO,081,412814.503509
c,RALCO,082,412552.949086
c,RALCO,083,412504.603794
c,RALCO,084,412456.258502
c,RALCO,085,412407.019093
c,RALCO,086,412354.920087
c,RALCO,087,412302.983307
c,RALCO,088,412250.324774
c,RALCO,089,412196.769246
c,RALCO,090,412256.169246
c,RALCO,091,412315.569246
c,RALCO,092,412374.969246
c,RALCO,093,412434.369246
c,RALCO,094,412493.769246
c,RALCO,095,412553.169246
c,RALCO,096,412612.569246
c,RALCO,097,412671.969246
c,RALCO,098,412731.369246
c,RALCO,099,412790.769246
c,RALCO,100,412850.169246
c,RALCO,101,412909.569246
c,RALCO,102,412968.969246
c,RALCO,103,413028.369246
c,RALCO,104,413087.769246
c,RALCO,105,412910.522686
c,RALCO,106,412862.177394
c,RALCO,107,412629.018773
c,RALCO,108,412549.714631
c,RALCO,109,412501.369339
c,RALCO,110,412453.024047
c,RALCO,111,412404.678755
c,RALCO,112,412356.333463
c,RALCO,113,412241.91889
c,RALCO,114,412301.31889
c,RALCO,115,412360.71889
c,RALCO,116,412420.11889
c,RALCO,117,412479.51889
c,RALCO,118,412538.91889
c,RALCO,119,412598.31889
c,RALCO,120,412657.71889
c,RALCO,121,412717.11889
c,RALCO,122,412776.51889
c,RALCO,123,412835.91889
c,RALCO,124,412895.31889
c,RALCO,125,412954.71889
c,RALCO,126,413014.11889
c,RALCO,127,413073.51889
c,RALCO,128,413132.91889
c,RALCO,129,412920.125522
c,RALCO,130,412869.69258
c,RALCO,131,412635.315191
c,RALCO,132,412401.69926
c,RALCO,133,412242.911688
c,RALCO,134,412058.544652
c,RALCO,135,411884.264875
c,RALCO,136,411695.022445
c,RALCO,137,411485.532174
c,RALCO,138,411544.932174
c,RALCO,139,411604.332174
c,RALCO,140,411663.732174
c,RALCO,141,411723.132174
c,RALCO,142,411782.532174
c,RALCO,143,411841.932174
c,RALCO,144,411901.332174
c,RALCO,145,411960.732174
c,RALCO,146,412020.132174
c,RALCO,147,412079.532174
c,RALCO,148,412138.932174
c,RALCO,149,412198.332174
c,RALCO,150,412257.732174
c,RALCO,151,412317.132174
c,RALCO,152,412376.532174
c,RALCO,153,412359.746404
c,RALCO,154,412310.050536
c,RALCO,155,412074.724004
c,RALCO,156,411840.930626
c,RALCO,157,411606.01116
c,RALCO,158,411369.503888
c,RALCO,159,411130.921985
c,RALCO,160,410892.557383
c,RALCO,161,410655.297566
c,RALCO,162,410714.697566
c,RALCO,163,410774.097566
c,RALCO,164,410833.497566
c,RALCO,165,410892.897566
c,RALCO,166,410952.297566
c,RALCO,167,411011.697566
c,RALCO,168,411071.097566
c,RAPEL,001,275416.85
c,RAPEL,002,275507.93
c,RAPEL,003,275599.01
c,RAPEL,004,275690.09
c,RAPEL,005,275781.17
c,RAPEL,006,275872.25
c,RAPEL,007,275963.33
c,RAPEL,008,276054.41
c,RAPEL,009,276145.49
c,RAPEL,010,276236.57
c,RAPEL,011,276327.65
c,RAPEL,012,276418.73
c,RAPEL,013,276509.81
c,RAPEL,014,276600.89
c,RAPEL,015,276691.97
c,RAPEL,016,276783.05
c,RAPEL,017,276874.13
c,RAPEL,018,276965.21
c,RAPEL,019,277056.29
c,RAPEL,020,277147.37
c,RAPEL,021,277238.45
c,RAPEL,022,277329.53
c,RAPEL,023,277420.61
c,RAPEL,024,277511.69
c,RAPEL,025,277602.77
c,RAPEL,026,277693.85
c,RAPEL,027,277784.93
c,RAPEL,028,277876.01
c,RAPEL,029,277967.09
c,RAPEL,030,278058.17
c,RAPEL,031,278149.25
c,RAPEL,032,278240.33
c,RAPEL,033,278331.41
c,RAPEL,034,278422.49
c,RAPEL,035,278513.57
c,RAPEL,036,278604.65
c,RAPEL,037,278695.73
c,RAPEL,038,278786.81
c,RAPEL,039,278877.89
c,RAPEL,040,278968.97
c,RAPEL,041,279060.05
c,RAPEL,042,279151.13
c,RAPEL,043,279242.21
c,RAPEL,044,279333.29
c,RAPEL,045,279424.37
c,RAPEL,046,279515.45
c,RAPEL,047,279606.53
c,RAPEL,048,279697.61
c,RAPEL,049,279788.69
c,RAPEL,050,279879.77
c,RAPEL,051,279970.85
c,RAPEL,052,280061.93
c,RAPEL,053,280153.01
c,RAPEL,054,280244.09
c,RAPEL,055,280335.17
c,RAPEL,056,280426.25
c,RAPEL,057,280517.33
c,RAPEL,058,280608.41
c,RAPEL,059,280699.49
c,RAPEL,060,280790.57
c,RAPEL,061,280881.65
c,RAPEL,062,280972.73
c,RAPEL,063,281063.81
c,RAPEL,064,281154.89
c,RAPEL,065,281245.97
c,RAPEL,066,281337.05
c,RAPEL,067,281428.13
c,RAPEL,068,281519.21
c,RAPEL,069,281610.29
c,RAPEL,070,281701.37
c,RAPEL,071,281792.45
c,RAPEL,072,281883.53
c,RAPEL,073,281974.61
c,RAPEL,074,282065.69
c,RAPEL,075,282156.77
c,RAPEL,076,282247.85
c,RAPEL,077,282338.93
c,RAPEL,078,282430.01
c,RAPEL,079,282521.09
c,RAPEL,080,282612.17
c,RAPEL,081,282703.25
c,RAPEL,082,282794.33
c,RAPEL,083,282885.41
c,RAPEL,084,282976.49
c,RAPEL,085,283067.57
c,RAPEL,086,283158.65
c,RAPEL,087,283249.73
c,RAPEL,088,283340.81
c,RAPEL,089,283431.89
c,RAPEL,090,283522.97
c,RAPEL,091,283614.05
c,RAPEL,092,283705.13
c,RAPEL,093,283796.21
c,RAPEL,094,283887.29
c,RAPEL,095,283978.37
c,RAPEL,096,284069.45
c,RAPEL,097,284160.53
c,RAPEL,098,284251.61
c,RAPEL,099,284342.69
c,RAPEL,100,284433.77
c,RAPEL,101,284524.85
c,RAPEL,102,284615.93
c,RAPEL,103,284707.01
c,RAPEL,104,284798.09
c,RAPEL,105,284889.17
c,RAPEL,106,284980.25
c,RAPEL,107,285071.33
c,RAPEL,108,285162.41
c,RAPEL,109,285253.49
c,RAPEL,110,285344.57
c,RAPEL,111,285435.65
c,RAPEL,112,285526.73
c,RAPEL,113,285617.81
c,RAPEL,114,285708.89
c,RAPEL,115,285799.97
c,RAPEL,116,285891.05
c,RAPEL,117,285982.13
c,RAPEL,118,286073.21
c,RAPEL,119,286164.29
c,RAPEL,120,286255.37
c,RAPEL,121,286346.45
c,RAPEL,122,286437.53
c,RAPEL,123,286528.61
c,RAPEL,124,286619.69
c,RAPEL,125,286710.77
c,RAPEL,126,286801.85
c,RAPEL,127,286892.93
c,RAPEL,128,286984.01
c,RAPEL,129,287075.09
c,RAPEL,130,287166.17
c,RAPEL,131,287257.25
c,RAPEL,132,287348.33
c,RAPEL,133,287439.41
c,RAPEL,134,287530.49
c,RAPEL,135,287621.57
c,RAPEL,136,287712.65
c,RAPEL,137,287803.73
c,RAPEL,138,287894.81
c,RAPEL,139,287985.89
c,RAPEL,140,288076.97
c,RAPEL,141,288168.05
c,RAPEL,142,288259.13
c,RAPEL,143,288350.21
c,RAPEL,144,288441.29
c,RAPEL,145,288532.37
c,RAPEL,146,288623.45
c,RAPEL,147,288714.53
c,RAPEL,148,288805.61
c,RAPEL,149,288896.69
c,RAPEL,150,288987.77
c,RAPEL,151,289078.85
c,RAPEL,152,289169.93
c,RAPEL,153,289261.01
c,RAPEL,154,289352.09
c,RAPEL,155,289443.17
c,RAPEL,156,289534.25
c,RAPEL,157,289625.33
c,RAPEL,158,289716.41
c,RAPEL,159,289807.49
c,RAPEL,160,289898.57
c,RAPEL,161,289989.65
c,RAPEL,162,290080.73
c,RAPEL,163,290171.81
c,RAPEL,164,290262.89
c,RAPEL,165,290353.97
c,RAPEL,166,290445.05
c,RAPEL,167,290536.13
c,RAPEL,168,290627.21
